<?xml version="1.0" encoding="UTF-8"?>
<!DOCTYPE sun-ejb-jar PUBLIC "-//Sun Microsystems, Inc.//DTD Application Server 9.0 EJB 3.0//EN" "http://www.sun.com/software/appserver/dtds/sun-ejb-jar_3_0-0.dtd">
<sun-ejb-jar> 
 <enterprise-beans>
    <ejb>
      <ejb-name>BankServiceBean</ejb-name>
      <ior-security-config>
        <as-context>
          <auth-method>USERNAME_PASSWORD</auth-method>
          <realm>default</realm>
          <required>true</required>
        </as-context>
      </ior-security-config>
    </ejb>
   </enterprise-beans>
</sun-ejb-jar>


















